id,raw_index,status,statement_sha256
raw_7108,7108,Suicidal,9417d56eca8eee3c24723575fe9212e164a2fd498eeb5aae9f24112849eb8f56
raw_7140,7140,Suicidal,96cd8353ef8fb15d57be13b5dadf2238b1d621466c6604ca8a8f1162688ab1ef
raw_7164,7164,Suicidal,bbea342934addfcbac85f6e27d4de5980a890d6e4a99dcbfb0d903605fe9a8a6
raw_7215,7215,Suicidal,8c7a4d33c9f1a6af5e2eaaa548aa4d0d2d063d43fb641c303671cffc4cf1e3bb
raw_7295,7295,Suicidal,f7daac7be5c513419a3597d41dcd227ba41d7cd744d95c8a0fd7d8f14dee53b4
raw_7370,7370,Suicidal,edaeca8dd3c28c33f5f0c87e3ca0892c058434145fb4cc9df0fca2b6f41894e0
raw_7373,7373,Suicidal,2706e65fead0be0bfa5b26584da39952cb9de8b71ce67d7e1a1b24b228e8abe0
raw_7407,7407,Suicidal,8adb2a8018df1561c0069079e534da8d65ab74c06351cc53fa39cd61028f4a68
raw_7437,7437,Suicidal,58e7cd592d90d15c7dce527d3b94a7d08a628d5eeabafe9353e2b55415b87fa5
raw_7443,7443,Suicidal,67b934527d77f3d408afcff6a8fbc68d1d618e65aedff551b25ce926f0ea4779
raw_7455,7455,Suicidal,aeaf3268652c7ad13921a476005a4368821c596d2024d594adb6f7d23a820de8
raw_7456,7456,Suicidal,08948eafbb27e097c15abcd6e4be98418a37ad03e64016131edca222c9f5fe6d
raw_7480,7480,Suicidal,16567cfcd8a56bc06f868856825f5e560350ecaf0fdaef8e700c176e87521c1f
raw_7484,7484,Suicidal,c7ea21ed1d673b7a16b481bd960c2026d4746f1f731cfd74609153d374f09d3c
raw_7600,7600,Suicidal,f422161a97fa29b0244cc1151289bbf4b0180fb9bbd1f7ff0a2ddb0b7d92dc67
raw_7604,7604,Suicidal,c07bcf073a4162315de7bd530efdb0fe12f399795c3b3936fd8fc9f7dd110873
raw_7669,7669,Suicidal,9ed1299ef92046755eca31b1abecd8186f0bde3247e007584113e825f60e380b
raw_7704,7704,Suicidal,1675a8a0717fa7caf6e28d4125dc2d9c2f0633c247c7fe13697c92be3ca9fa13
raw_7717,7717,Suicidal,836a373cfe9b9e9d00d820da39515c1e8f6c4862defb07f0ee4ed93d3af2c59f
raw_7808,7808,Suicidal,58d174ddf766d8dfda699f17dc9cebc7ddfab350573ea2677029fb0786b00fe5
raw_7874,7874,Suicidal,e7382b3f70172f5255f96ebd3db09c2709a19a9d52196d3a34a39fc0f0701da1
raw_7880,7880,Suicidal,2372a0913d182b057fd933edcc37ac8a2fecf9417ef5e37bd67bf751bbd691d2
raw_7884,7884,Suicidal,cef094516c3ade6cabc7dea1d989d5146c960a1ecc212faedc4a3c3c45247955
raw_8190,8190,Suicidal,8aeccd43ba9d4f81dad9a040685f2f91b2c6ae3fa507ebc5d98667becac2017a
raw_8317,8317,Suicidal,fcc2cb9f714ce59c1043dcab06944e1e3c59241db7632d1c4c5c525f6efec491
raw_8322,8322,Suicidal,0dd91b0f290e59dbc0de959b045e7fc49771e473f06e326fb8f55070397ba504
raw_8358,8358,Suicidal,36979630f9d28d5c7a12452c3de9354e4b1d3db88e7c6398a7383e8bc90d8e79
raw_8404,8404,Suicidal,a5527b32793bb4d7440fab2b848e7b997e98be23f75235024d6961ed52a6e8e0
raw_8579,8579,Suicidal,23d9f35c31ee79f4f0baf5dee7cf429cceb1bf320908e34b920e7e570686451a
raw_8616,8616,Suicidal,863119be1fdc5c1b72ab3456917e7d2a6b5ed7a6a10275303dfc79a35115cbb7
raw_8617,8617,Suicidal,95cb07af828d048389fa8aed963862f37ca5abecfdad8bdb8be61b1842b7d7c1
raw_8630,8630,Suicidal,cafabd38082ad8f2c94768130a67914cfa6ace20857dbde20d1cd7152cb496a7
raw_8679,8679,Suicidal,902a6e11c41811938a021c1e28f9061174e161978492222bec63dbafa6378002
raw_8687,8687,Suicidal,f288f32789ca5eff5fb37ffd01ec1c096076ea0a83a4812185e71f34e9d79c9e
raw_8724,8724,Suicidal,a86ad03816d8e3ed943e27c10312df5861e86cd4da8e6f6b241daae43bb160b7
raw_8783,8783,Suicidal,51949882397b2560f2627e6f059411fce2610fb3245f6b24cab1c397e81de78e
raw_8784,8784,Suicidal,bc56b530628c7f27448c5b8bd3ad0a62424294b4336892114580892482aa6297
raw_8821,8821,Suicidal,aae7c3f0134dbb4509c9b4b3cdab2ef7ac5713cb3454950d46676a512ee8c17d
raw_8833,8833,Suicidal,36f07cc527f3cc77efa0dd0e49b4998d092ac5cc730a5bd43649f3af076edffe
raw_8845,8845,Suicidal,424008f895df5d92aa0d0955b9e8f275835999106aa65c083b7e124db64463de
raw_8848,8848,Suicidal,ac313f16918856baf2732531f48faa5db75097f0f54c80a153056cfdaf92f52d
raw_8883,8883,Suicidal,4a6629511ec61b7fd2f828a5e58f0960f09fa656b14c8b97b21281c50cf7ccfe
raw_8899,8899,Suicidal,fda803c5393a8d64b0d5bacca5aedcf398c38df45823a6835ba6a6d106cd80de
raw_8910,8910,Suicidal,5ad0302a97e00ff9ab9a6cd28cf4b0c8d9c14463eba94d20e3759f8535fa324b
raw_8930,8930,Suicidal,666ea8f3389b3459e97e62bfe50cbb4d3afb72e48d7b765503450a17e0370bb6
raw_8936,8936,Suicidal,e15ef67f213b943e3e6ce6917f5a5384c0f8ef98f646cd90c6923976f489eac8
raw_8977,8977,Suicidal,4b0bec54f695192f04d08831045c1db9d5a39cc419faf1fb8d6b91633a732014
raw_9058,9058,Suicidal,a5e896ffe38a8946df72e3195c510e56e4510c436a2365d1e1b4471a2b110dbe
raw_9065,9065,Suicidal,fd2a2c009e75eb4775d458fe86a6e8e9aaf42db1f15d9b24d7ff44e3cb5682ac
raw_9122,9122,Suicidal,d0d1474cfdba75a2d10ade06063e409f4276a936857c99c974bdd522ef685279
raw_9126,9126,Suicidal,c697de97ab4065e0ed2ef5e18b62defac3aa2bccda6a52d442aba0bcd181f371
raw_9128,9128,Suicidal,f212040e6d71695eebd40a0389a3d00e0b560a2d163f733ea03f114a8ed746cd
raw_9151,9151,Suicidal,104ae6712d907eded9a4c370efd6d4a8ed45b1611b436852555906e5611c546b
raw_9308,9308,Suicidal,6956e87b01a74a2100a2742f047040a83c9fa29be9678e88dcc80eed3076d12f
raw_9339,9339,Suicidal,1d50bb52cf7ef72650372ec7d894012cea7dcb6263f185be37d368c7a17a8b7a
raw_9400,9400,Suicidal,aa4eba8d1c2c730044899f96ae58b3830a8592051eb6139e509c8dd0f5888e59
raw_9409,9409,Suicidal,db494d3293a06041cf3537e44ef6985079eb694b1802a85a2a07723a7ffe2fdf
raw_9439,9439,Suicidal,89e2e6c1d8d5eabd3ea39fdb9c0a7d1b783b051a0d66e04bfc59564f4316446f
raw_9477,9477,Suicidal,6d7b736bd0b4e379bfb29691fd04293280dd8e70cc8ddc5e8c678be965e841ba
raw_9486,9486,Suicidal,5f31f1e61480c0343c39d9136f48faacb4302b16cba9720073fecda45f7688a0
raw_9633,9633,Suicidal,c1e42a2abb50e51da7c9114a071e53df9cbd49674362aa417bbaac36f82128fa
raw_9640,9640,Suicidal,e9963a2afe52243691cd7f8e974df704a622fd294449181340e4c6e13f0618f8
raw_9653,9653,Suicidal,e631ce57b3419bb04d8c11b69cc0ec4d5ca761621b5c8503d2bb3bf76e7a9cae
raw_9674,9674,Suicidal,a065b9deabec0595c598255394591904ef7b779bcaf3cc67ff297f3296c0e042
raw_9697,9697,Suicidal,dee14a13ae1a2df49cea8ab4c2a6b8039a7458921bccb6fac0603c088b93e19b
raw_9727,9727,Suicidal,0ef57d57ce49c3f332be57e4799ca1995bed0362194c3629f87af32fbd61c6fd
raw_9843,9843,Suicidal,f3f6adb0e1cdb557cbfc4fcd464ffb6f39f216d1629ce0139531f35f3899c980
raw_9874,9874,Suicidal,268df4358604a2975fe0f8bccd745c0e2e6917b52d80aadb57e05211b954de46
raw_9888,9888,Suicidal,6741377c8cba37200ada81cc7df527b905c360e1fbb861ee3b88c12fb1ee4255
raw_9895,9895,Suicidal,d3ac124473d8d4b2f23a68f91a03f4c5fd7647242eca11a4a8b7a299c032cfee
raw_9911,9911,Suicidal,8496fb4b8e6e6cc2fe8b96b54b9cf7f016256ab865eb64c48819e3208f5c6dd6
raw_9912,9912,Suicidal,a05c0823b7162e432f0460cb003b878ee39a0eef604170c91f8bc63764365e24
raw_9913,9913,Suicidal,35c20dda2b490c523c5b8623dcb1728f261362ff53dd7161a7e4a18002c28ecd
raw_9960,9960,Suicidal,0dd4288313506e4a63b5ff02617afa28a41c732117faddbfce20e5de67a6b57b
raw_9973,9973,Suicidal,223158c8b6d9c0661af8faa03ed961cab112b805c561f8db2e9bd994c9c6f3c1
raw_10054,10054,Suicidal,ca53fbff80fa6fd63752d77376a6f3f378288490b3e7ca21d4f6e5c9305a96b5
raw_10080,10080,Suicidal,d633d80037a5d24c7f98822d2bf9ecc0249b04209d37f825850a72414f4dc0e9
raw_10123,10123,Suicidal,2052a5b5f15d82c75269b2394d58c61f24896e873537d560911d6f95a673941b
raw_10211,10211,Suicidal,c197efe2e8886be09fd634fe94762d38e1e7dd7ca8b00427d232ffc67e1456c4
raw_10270,10270,Suicidal,08ceb6f537c6f0a32bb984ca6e8c10901167ba9ad71510f4d12a1074791222f2
raw_10320,10320,Suicidal,faf28fd229088a1581fedceb3eef48a053f684fa9cbcdd4bbc85a14c642a31c1
raw_10331,10331,Suicidal,660e843498c33f3779822d60f0499c4c9fd9a2f9d21b2a7c3386d901057dda63
raw_10335,10335,Suicidal,43751f5673f8195868e9cb193a20355a227a8db9edbc45fb53535533bdbaf455
raw_10411,10411,Suicidal,bc731472fe6957473064246f8aa0716d6c579de4e39b290c79d4b328ff0945c1
raw_10431,10431,Suicidal,3d204236b6427fc2d7fe0cce6b8f91b0f4216e572b092b4931500e4af764b900
raw_10437,10437,Suicidal,190cd44e5a84533ca9288ec4f40fc71daa19905e307046fa41afa518d0643d7a
raw_10478,10478,Suicidal,2db23b95bb0e8dda8551169cfc35beec4ff62dc31cd6337f99a50bdbd0983935
raw_10509,10509,Suicidal,6ea5b8161e89e2c8198b01c9c5ba27ed12d1f4f21cbe168a12ae9a26d4e2775a
raw_10577,10577,Suicidal,686d9b093e9431dd9e9008ca1c300c1b167e9c41d26536dd35268ec66377bf07
raw_10615,10615,Suicidal,63c01a6673e89df0e89cda6ae02c262c07203ce63a3542b41284d633baa25736
raw_10622,10622,Suicidal,656ae7b04c41d7a37ec57f87fd90b6260dfc7504026530f96b2a0363bfae3333
raw_10632,10632,Suicidal,c070e6e5f12048a2fb7c1aa077384a511d99bb22c1ab0eb6c66884b51e66de1d
raw_10662,10662,Suicidal,36bf2687a8a2c9e08df5d9aa7becdad897f2255b54ab011778877274f6dfde95
raw_10681,10681,Suicidal,789a897fb09f89561b8e7152e5cf9b46fe3271db8d596dcbc6ed81a9606cca39
raw_10827,10827,Suicidal,0df8a27a0bd22fa64980d37d9badac3a3b6b736f0e93c63f4c1b1ab1a599a800
raw_10864,10864,Suicidal,22bc27857fe60ff9851bc6f1c7341ef70cd9123c63fc83cce27f0e45eb52cd95
raw_10956,10956,Suicidal,99b98582799265c631894a8f3d9f58d2b47452cb211c5292c4fe91e36c74821d
raw_10973,10973,Suicidal,4de9ec9fc7ca336bef0368e576ca9564f1aa0035f5b7d18d9ae2e900fb2c3c91
raw_11033,11033,Suicidal,3d99f5720acf5495f815ef52bdd09574cec34dbd6ca053e8403a5ea89fa33131
raw_11082,11082,Suicidal,b92100116fac7a5796e1545393082f7c0d6cecac2677d9586497990e9b3850f3
raw_11130,11130,Suicidal,4f4fbf01c900f21a91175487b0e4c94cd5227ff59cf04e82ee25673961d36e7a
raw_11159,11159,Suicidal,7846fca87919836797649b16a39761d53a5a499b7fa306f9bf616b7c3045edfb
raw_11162,11162,Suicidal,4a87f1394542c12023ec4e4a7e60a4de1940ff5d3000667174710089322df953
raw_11231,11231,Suicidal,e7ab820fe3c3d1c3b2b7914ed7c4fe2e21cfc53c69a3582869b81b526e181d21
raw_11458,11458,Suicidal,6db91ad5950ef650e4853ce706e9625cf01066082f35631da5333bb1dc0ac564
raw_11526,11526,Suicidal,b4a19d3fe51e86b5a3a58713786733c6498e6c3f9dd1df9a8ffb67e303ea8e8f
raw_11621,11621,Suicidal,170cb0b576d7f861b415d37cd3435baa6dcb18c1f0bb46ea292e41b998d01f7a
raw_11648,11648,Suicidal,cef9f62362e7c4801e47eee7d5d6138aadcaf70893545fb98c39779967382c98
raw_11667,11667,Suicidal,34e17939be90958098c94d01bad45a6e50a6fe3a08a14dac648b20fb8dd6bbd1
raw_11710,11710,Suicidal,5417baa1160d7f731d56922530fdd34b8c1ba6219a5b96f2cdbbef1befcce603
raw_11740,11740,Suicidal,628c1bbdb80db82c16790dbd3331b71442209278fe0c752f39bf5015ae74dc51
raw_11790,11790,Suicidal,df7bfdcc7c85a46ecb94956acd3d90804d8a4d688c411c22a39ef9bb38cae4a3
raw_11820,11820,Suicidal,294b7dd8fedacdb9ee49c08af576092b8ee903139ed8c2d3b11e4184842be271
raw_11851,11851,Suicidal,3901ece0003127b04f38eebc56c797c6ac6b8a1110cfc5f54673d4c38afd2427
raw_11916,11916,Suicidal,c96c4252baee02342301c372560684c768103208964577f619afac391aba7a4d
raw_11975,11975,Suicidal,3680b7ca978e3e80deecc78c93d3d4451f9d066eebfa70d8aa571ecf108277a1
raw_11989,11989,Suicidal,effad7e858b8b9a8a9e0ee4d0d18da7856d1b9009d0d7e0cd960cc1042b82ec5
raw_12027,12027,Suicidal,6051627023d1962120d7bb988663a9f60bbe18640610452f41c7e4da1cabc344
raw_12098,12098,Suicidal,7ea885def3aa0bb2299969ed0f5330e6551b32948a43685f0a377e0e0475d75d
raw_12201,12201,Suicidal,50a9f3ea9f0634474b627d31ca5c7742bbb5eede1b72214bff179da0c539c030
raw_12303,12303,Suicidal,858d4afb934295d7e43fd1028fffde5b3c1fa93fdcddfe79045fde85fa8f9e75
raw_12350,12350,Suicidal,0f07516d361f0152fbb399b259e6389ae42d4db4038a042bef390af92acfd499
raw_12400,12400,Suicidal,31c8916e68e813648a8b1945cc42931b2a0c733bd1c51be0970fa57098911c2d
raw_12426,12426,Suicidal,c7ad6cb16e48c8dfeb7237c90aedb9d5967139885761cef341715872959aee24
raw_12455,12455,Suicidal,464db407206ccf3b873f05aba9aa2c7248b3fe26341b31ead4da126300a103b9
raw_12572,12572,Suicidal,09f6e86c1327f0f32ceafec638b8bd3f1e8e3591494496f430eb2eb057958226
raw_12620,12620,Suicidal,f4dfbbd645d1dc053d9f7f5c96b66d5ac552c15b6918fd0ffb5b056b6a6a69e3
raw_12625,12625,Suicidal,9bdb8878df4591fb78a45089cfd0a0ef06db90e749402e64a779957bf8aaf8c7
raw_12659,12659,Suicidal,737a7725dcd4d9fbb6da750de931e414df962ae9abb8be8cab8a5b17b89c4d75
raw_12720,12720,Suicidal,5981ce4a5f325607725aced7fb7caf4793810d3c5b10c59c3ff2ed47963f961b
raw_12758,12758,Suicidal,fdb0c63633947cdaaa6a057ac2f1911af052d765e86ed4fb79b4902f7925b8a3
raw_12759,12759,Suicidal,79d7bfa9deb9aba40433d809fd12e4ae57b36e9170bf85c8f35a551e44316d7e
raw_12771,12771,Suicidal,2165b51ba547fc773cc15ee2148e657c8aee1f6416fd1b5ba22cdb203af7cd54
raw_12791,12791,Suicidal,0e3d8e7e22e6cee919eb99a9917a6a8007c4330f1410a89ce937eef6c7557a13
raw_12799,12799,Suicidal,cc31f4e6d577504b7389473529832d9ff21ec41b62e8c3b7d70559d16bee6561
raw_12804,12804,Suicidal,a50bf78cd5513e6ff4e15a3a4d448de60e97ad62a908b905322e6851987552b2
raw_12824,12824,Suicidal,3ac261f9e793929368b1c5c0ab1373d1ff7b9f3a389fad19a10029255991303e
raw_12897,12897,Suicidal,2abac2e2822743c6fa8775444a86f8f5bc59ac6816046b953abb353a236fcecf
raw_12969,12969,Suicidal,5dfa27228467f078f95ecea5cb08cf0aa68ed2e8931d6c6f2aa21aa3503dbdad
raw_12995,12995,Suicidal,c1ddba67c4364d5b5e76410cd8e8ab0caa9a50d40ef64b121b223d3264b22614
raw_13020,13020,Suicidal,4cd39287be168398f46b096ff8f714cd6d94fdcf44355fc9c7f505cd21db5031
raw_13043,13043,Suicidal,1cdc160df3662963ed0ef2944cacfc953a5bc5f8bfaa0be93b8a6f051178203b
raw_13055,13055,Suicidal,b55d2163db29771e4c3a1410eb2ff9b144f088c77872b2354d17e0e22e9424f1
raw_13066,13066,Suicidal,6937d1fdf62f8cdaed32489f939cf19e9adbace0b6cd0c05301c72aa3e1a9b96
raw_13125,13125,Suicidal,c2a3b2c09ad3d343f6f6e74a1b6d0096bbb30b27017e41f55d42fa333246943b
raw_13136,13136,Suicidal,8445b7b0421e519e0c13f9dff3e65454a8f68b7cf5890abe278839439344feed
raw_13189,13189,Suicidal,83dc33e6ee3bb869436a7a781fb90a9316b9ec0521d6b66f24c20f785326c889
raw_13244,13244,Suicidal,86d2a78a2ad67daa20d52e94870ff980734268a4e18b464746f4535170a07600
raw_13261,13261,Suicidal,70e8d5797b0d2fb797e75016072e388131eb3ae8f019d7b8960ff75caff788fa
raw_13272,13272,Suicidal,e809bffed7a8a61fc4ceeef24078cbe208ce1b144a309348422a3432a35290f9
raw_13275,13275,Suicidal,1b28874e20fa014efd7fe6d90e61debe6c6843e8128f34c16aabe8f261af855c
raw_13277,13277,Suicidal,0178f65a8f8eba41e1ed6eca9c47736f5906e0f95c05befab727ec7874096df8
raw_13311,13311,Suicidal,0eb8f9a70ba19bb11e925705ba6b186e7ae2de033dddb176b28338bdfafcedf4
raw_13378,13378,Suicidal,e11978c89ffdc990d95e12b0b4ae3442c3e6a178938b1634dbfa8587039b3256
raw_13412,13412,Suicidal,18c88c84dbdc62dd64a9a6092c69e2c7fcd2cb1bffac35be293ccbc5a154c8aa
raw_13418,13418,Suicidal,a58123ebfc3be059f8792bb62dff49f7e85d72e21fb1ed4fbe26a61cce3bc76d
raw_13443,13443,Suicidal,aefaaa95ec8ed86daceda56daae0b5e6fe98365a0040960035ff7752e0dc82fe
raw_13483,13483,Suicidal,eb2dd006a8bf310a5da6ab2adf166e108b9fccf3b37e7fb4fd9a85113fe56206
raw_13502,13502,Suicidal,44a4380464c1f08b7ae92e521860957ea5e1afb1e8cb151dfd86a10a189231ba
raw_13606,13606,Suicidal,44124918ad802cd07fde413f83fcf1e0b829c55cfde892d9dd70234c1678e575
raw_13667,13667,Suicidal,59b1ab0abefd5e2baa84f3b1f958a68641e2735107260a3a395bb8b78ae97c76
raw_13729,13729,Suicidal,9cb0f3ee1079369876acab5c61129ad36505abe7cf4db69f976476857de1edea
raw_13735,13735,Suicidal,252b1ce8f37bbe1bdeb029caee4e2f5574a6b1561a3450fcf28fd8616d988e70
raw_13763,13763,Suicidal,ecb31e5dfcbb2c77b3a3e3a908f5e0fde40308e6c69ca9c2f5d02c908a2778df
raw_13765,13765,Suicidal,b3a89e1608877f4d5de57d32087ea1a10e0b79071a3f9bd8005cc7da152541d8
raw_13837,13837,Suicidal,8455a6a12d2467b7f94dae8fc2a8012fb2fbd8e65a26a31733da1b41d6d43165
raw_13852,13852,Suicidal,087b7fefc58a76c33004a98fcb3a616f78db2b2b8d2f6a7f03e32a049c0637e6
raw_13928,13928,Suicidal,c2c7f61d8cd18582df7c81761b2dc8937e28b1238253e5a3221f9138f629b9fc
raw_14010,14010,Suicidal,25a1aaf3ae1b599572c282ff95de418c2f2cdf605f705f49b369662b7494d806
raw_14050,14050,Suicidal,776362af4519f17fc8468a44aa396d4ce04f378c0ac0b6df84e6044874839d80
raw_14171,14171,Suicidal,3605f9e0cbe6cf2af8a2856915e1812a6b82e1f87e88d791ba810dbb6af57700
raw_14380,14380,Suicidal,5018ad403a8dafa38867dfbf48609517ff7919449e6f0ead0bfccb9f2732768f
raw_14391,14391,Suicidal,e83e8b0836145f3e2bc63f8199eb6a0164e4766808a9e0816d0542cd921435be
raw_14394,14394,Suicidal,ec6a9b54610eae12b1dd5cea1d9f71918f4b6ffb3226a34e2d4312f41c2f4c7e
raw_14433,14433,Suicidal,36272027de166c98063351c9fe5331af5f69319bb997c8aa7a7e188aa9d104f5
raw_14454,14454,Suicidal,c621860a205ca2657db35f258488cfe210c4296ad9444a13af908102d783e242
raw_14505,14505,Suicidal,b0fb6346f5b08ac213d51d56a43409b6064490b4953d48ff325121a92d82fe90
raw_14507,14507,Suicidal,d5d2ed16f816165108b4deed28f219f552915b9eb96478ae6c1c18c221b28d09
raw_14530,14530,Suicidal,48b0bc83bbe7c131706042c6726451f1d990907e5c97d31ff189fecc9975a718
raw_14571,14571,Suicidal,662a8556a2f4d0b29d9c4875c1dc6b98fa499e7ab18b0913988e0e9914625fc4
raw_14621,14621,Suicidal,1550bee9a14bfe088f3e670868976982f07de9edaff6a5ebbc39db5e0a16543c
raw_14663,14663,Suicidal,e876687dbe2a353f134b8f586f5280b350a6ff1a75d5f130a3ed48276addf43c
raw_14695,14695,Suicidal,fde402e09e873a02134f5e3993f0f59a6fc43765d33b2b13252491f03482fcec
raw_14740,14740,Suicidal,54288ce0d68d8dd76e8c4b279b9cc43164cffc78c575e8a8849c7f6f6acd78ad
raw_14839,14839,Suicidal,7fae10945abedebdcdefdfbd6fa45bb43802883f9685ac38c3d32ed341d5a8e4
raw_14983,14983,Suicidal,16e3414ac90c581b1cf80bc0ec2e1785ba00ebac2b467da5fbead053ad4294bb
raw_15054,15054,Suicidal,35612e15460b319ba3623e4273fbc72881e9087e1ddb7d4d1f149c1f39f721ca
raw_15279,15279,Suicidal,41d91908cd8745a9f115034750e4e52a55face2d0f661e68480478e1e1b18f9a
raw_15339,15339,Suicidal,fa79097c9dbb890d555d1433f352007f227c19909078ff830fbc8d1f16b981c0
raw_15447,15447,Suicidal,143521c90289905c048da3e23b739aba4530826dcf558701d4f46778b5ce3b7d
raw_15448,15448,Suicidal,24e5b83d34f8e38431fdafe48cfea11f15a0b2109d029a1812291ace5e8f389b
raw_15456,15456,Suicidal,755e6d525bf5f7adfab0ffaade4a27098f1b238462836885561fd47ae41438a7
raw_15471,15471,Suicidal,541bf9bce87f0c9a05b198071d36dfa6e547784f46f591b66a2c159a3850182d
raw_15502,15502,Suicidal,2f8b93e7a7a011970f39e8dd2ae097951e36c575b15dba4182c5eeb04a4d3db4
raw_15505,15505,Suicidal,c7fcf9e5f04f32b6f87ef0e078d18a05e913d2641453bfbe25e69c62ad366285
raw_15569,15569,Suicidal,b6857e7ae6ffc794fb784a84edab7cb626e4f78cdf681d047069fd48457e0f42
raw_15578,15578,Suicidal,9517577672aee0d5e4965828b075bc4177d979fc481c6b78fd20accb541ef8b1
raw_15598,15598,Suicidal,4ecf25205a57229bf617e4bda244378b1ef598465f21939f2b8451c430f7214f
raw_15619,15619,Suicidal,6d54637a943e19044912f8da740d3aaac4d5304678f90431be198c54ecdda338
raw_15678,15678,Suicidal,b71db1e09578df9dedc3cef12cbc725e018d226d7e954b22206520b486050219
raw_15717,15717,Suicidal,aa2e86e3c0c4eebb2398db75d06c36dc9eada8dc9cca628bff4bbb5d4f0400b5
raw_15788,15788,Suicidal,eb2b406c7143af5d8fa67951a17ab2404e9f4b58719c22ab3d70043bf4715e80
raw_15804,15804,Suicidal,ef853929f32c39fe1164fdd7a0c3e077f1e7258fea64f4ff0831f707f04b3014
raw_15879,15879,Suicidal,797aa067410a6cb381e923d6e74c368e9baf719d359cdbd7d7e29f357dbaa9b9
raw_15917,15917,Suicidal,1a71b96113e280712e6f39dee1564a9d99d5348f69b7382b7b2571ad84e96757
raw_16016,16016,Suicidal,189d7d155fd5374247edc236f1cf66dc3fee374113c1c59cefebc407d3d12d4c
raw_16050,16050,Suicidal,4fbb62b8598b9b199cd06920c108cb62aa768726ddd353217717996fa4a70256
raw_16075,16075,Suicidal,29d0fbab2b92594d904d96e01cdb09d985285ce934fedb2eb0205c8833022ce3
raw_16113,16113,Suicidal,61ed1adcd700714992951ffec9caa75c5f310ef10b9550547607faf141228b5f
raw_16125,16125,Suicidal,446a46662209c7869fb54f4c317ca73d84f44530e74b9f78313413e3926ca23e
raw_16155,16155,Suicidal,ff9b30ac72a4de30f0a036c1e085b95beffdd7d7d937f665369036945074d707
raw_16169,16169,Suicidal,a7d090d96d5da3ca4d7067792f1d5f11deba94816c5c23e16c0304c7c892b977
raw_16189,16189,Suicidal,afa8494e3369cce1825bf54606b84aaf310efa237eb0ac3d48595c5dd5f7d5f4
raw_16214,16214,Suicidal,eea45c666ccfe3c11b9273959ab20aad2ed9b8d0769a6dc67f4f293c3c27eb03
raw_16254,16254,Suicidal,8641a41abb4f2efa86a8485acd4164f0ac8c9f55d8f0d8ef1595cfe11050cc17
raw_16269,16269,Suicidal,6d5398aee776cd6755675de3a6a7ec55c348f9c8c2382fe9c3ae2cddde52d7ea
raw_16280,16280,Suicidal,afd4c6f6c04f15381f31ffd88653555863ca1e69237245ce739da995c9c16eb8
raw_16303,16303,Suicidal,39537db1484e08c103178c71f9ce3f7d6681e7aaedc5738ffaf3d0780e676fcc
raw_16329,16329,Suicidal,792c3f27981be77816c4d28bc6f5a054af2f12cafc8b1f05354743ebad8411b8
raw_16344,16344,Suicidal,4266ba1f087fa4e5ca98c9ac645abeaebb55da01060ee2b26e625bb791705212
raw_16390,16390,Suicidal,a6b4fb6afab9daf868e11770943afd5e0128924b6660e8392c8983dd6fe075b5
raw_16423,16423,Suicidal,542075a4bafcfd10e603312044f64a1f1d771c7dc2815877a4dcbdb4295f2fa3
raw_16441,16441,Suicidal,5b489aeed23695bd9c527dca0502c055c79169c8a319d9cd67a4418fbe4539bc
raw_16444,16444,Suicidal,456f15f9537638ff0a0d35e7b724bdf2ed579031abe5947c7ccaea42f94affa6
raw_16505,16505,Suicidal,13c4c33c0c399e0b9870920781d999a1674b7cca854f408426ecbf9e62667475
raw_16520,16520,Suicidal,a535c95552e5ea0c3d5e899d2d8f2b66c8cb48d7d3b84931eb654797cdf7927f
raw_16530,16530,Suicidal,7234cabf69417e22372abeb73ef2dc59ae74a3e5feb655f527d9859474dbad4b
raw_16606,16606,Suicidal,5efccca3583037708452f2064d8dd111312b7d75066023f52b6c286d2fea39bc
raw_16607,16607,Suicidal,0b393d8f1e728ba7b369c51da2585ee81df9ab1fd37aa7325811b88f193383d0
raw_16639,16639,Suicidal,0f0785a63e53b5464cb229e541de7eed5231d6b029eaadb5f240518ac5412dfc
raw_16642,16642,Suicidal,8e4473507847958424274bc800677f6cb06d6704b36bed20360ee4df6bf5039e
raw_16659,16659,Suicidal,b8d61f4f5c336a52c66d0fc9d141e86e17f1d11193169e1fbea1f3674d2e5a80
raw_16768,16768,Suicidal,d289bd07e05467889721b6a268fe4cb290cb777bb1bdd6286315e37c19b0337a
raw_16787,16787,Suicidal,9e2e2fc38823521dcbfb9a687bbead5d6658d0bb69c31124535d739e90253915
raw_16884,16884,Suicidal,f362ad70a5bc7951cc1d43a3dd075c51c81650104dc18244850068abf725da67
raw_16910,16910,Suicidal,f69d943da712e3ddfdc85da03b8710cb371e8668bca473786ca7d267ebc43852
raw_16932,16932,Suicidal,4eb5dd2ff9b3e8b4ad85a9b013910117c279978e06db5e50b3e8e40eca38f84c
raw_16941,16941,Suicidal,510001549519ca1d37ae33b35aab88e91da8379d7890e762898c79a3620d2ee3
raw_16973,16973,Suicidal,722d731ae1e4ecceb00fc536ec962275c5469d8de9bbc016f4c38564dcae1a93
raw_17028,17028,Suicidal,4b656f3b4f9c47873439b80b18323869e6c4f980f570c6de4b711b57bbae2fa5
raw_17085,17085,Suicidal,ef8b8686dbcbf2267ce9f0a7de46a9b5fe652f7b68ceec5f411b0f83baa7dc96
raw_17115,17115,Suicidal,c0a02f8f9f7a2024e27afca49b21e357877dd67b70dc36232e581da8b9559382
raw_17193,17193,Suicidal,250d5cbfe64c34075bbc3a510cdfa0e1e813e3f51ffec45516ebe9bd00ccfddc
raw_17195,17195,Suicidal,42cfb09b388f63a1e7990a186342ad89b4c8a303f5ab874cd6a9974cdb653417
raw_17234,17234,Suicidal,77c7bdbfc66cf7f3fecd43f7debae7379885e8a2c11d5865a413bd7829a0ce78
raw_17262,17262,Suicidal,25c379ed61d25544fd06e4830fa481f3269a90d0076081918264af832e5df1b6
raw_17266,17266,Suicidal,09d878029802a3bed880a59b766a85345f12791f84358b353ebfd5f068da8fd7
raw_17272,17272,Suicidal,2a76c5040d2eaf616474e3ad031c094c8486f30fc3a577cc5c4a9f7d5cb15fff
raw_17349,17349,Suicidal,73ce2d5befd7dc440f38a4a3e47159bc5027fe377d0fe1f48f057a9b7e928e97
raw_17359,17359,Suicidal,e7aae9ce9afe76ea17cb5db365b28e01edccca5b58d27cbb07a3c7f80eeb2ace
raw_17380,17380,Suicidal,0ec8bab7153827dc4a9bae0dc24b1f19d32822b8f9f318632d26057b0088ef26
raw_17381,17381,Suicidal,191eef3af7b701861a2ca11f87ebe19a1e5b9c981060a6d45fb12b0709f45029
raw_17426,17426,Suicidal,f1bc89c84b5970f797dd21fb2d70f157565d296b984bbbd5c4d0c92982cecfdb
raw_17516,17516,Suicidal,f1db2c5464cd7f124a558d7eea22a277607e7f9357590c5abbb36ce4d0cc9f71
raw_17586,17586,Suicidal,53bdc45822788b73948dd092a20802d54cfbf28fb5ad760b5d04c8de8b4be3a7
raw_17621,17621,Suicidal,3de85e933d5e981617de3f8427f09e39aed166033d458f2b04cc4a490c2690e2
raw_17631,17631,Suicidal,91262a535170968e6fa3334efc45c2750843164ea5e42cc95748f42e2a022639
raw_17643,17643,Suicidal,d75cf3f815b2ae04becd127aab84b3a319355ef2a7163a7725bddda07a4cf015
raw_17651,17651,Suicidal,f090f2811ff34185becdf532d18ef8ed923306a81a237cde0a8147af64ae1503
raw_17662,17662,Suicidal,56827b2758f2fc11845ab830dcaa7d25964cc3da1ad14583b42050217e07b5ee
raw_17671,17671,Suicidal,cb3efab0c9d3eaa0dbf6b1f951a098b6c7446d7f9230c59f5e5a8db5f0eea5e5
raw_17765,17765,Suicidal,2078e8e0633e4416a65749135d443dd6bcdba5791af39458d4c8ba44716214da
raw_17766,17766,Suicidal,9329df5acf8c656a1e5a0e752901b51ac57aea80905e306e4d4dcc9aec07aa1d
raw_17903,17903,Suicidal,47e0f07f3424d3cf0c1392bf1ea0dd066d6ad4d413a9eaa2fd7ce519e501e52e
raw_17967,17967,Suicidal,5b462c5d8e02877ca1b247fbf38d92ac66ad3724954b174fb5844059b78cb0f7
raw_18248,18248,Suicidal,515a288a72e48c30985c5eab08ca7c393a87142fd19f31c2b8d173e48e981e42
raw_18275,18275,Suicidal,8ad5a551ab50e46f2dc0eea89bd0460ec9e21386e6f2824b958d375117bdfb52
raw_18285,18285,Suicidal,5a1f0d269675f1bf279a9b672482b23317913fb62d088fbcedbbbc017f45834a
raw_18327,18327,Suicidal,0e4b660ff1c5dd6ca7ea4f62c4cbaed85f8cf54b83d45aefabf70e80aa8d04fe
raw_18333,18333,Suicidal,afdb98c3a385615c10b3cc6840348c78e87fe1a43b483c919b885e4c8326f4d7
raw_18353,18353,Suicidal,cd046d6bc0736c437d038c33470ce4ae0c6b34d46f173fe9eb4f4910f812676d
raw_18427,18427,Suicidal,56859c530107fa755e1eb03e28b5158705ca096cd3c7c7d4bafa71e369ec55b2
raw_18488,18488,Suicidal,ddcd14e799e1ea94506a55e91cee2ccacbe91bf35a3574582b4a6270bd679afe
raw_18495,18495,Suicidal,4ce832fa87371dc2d036288b561fe6d9d45123ecfd59d0b4b84e4e59c992f5d0
raw_18633,18633,Suicidal,5df5e1928970c6ac778146da142e1ee4c632e2ce51b3d2ed019db9d29cd3df2d
raw_18637,18637,Suicidal,dabece83918e4d12887b7b539233eed3c3d54b79b9c34faa732fe932bd18cbcb
raw_18716,18716,Suicidal,05fbe8d2b3b5ffd64b2ff624340153377bdffd76b24f0dd000245aad94caafa5
raw_18769,18769,Suicidal,3a0d8d13c80d25802394278316d39a783618a4573894daecaa501661334adbac
raw_18793,18793,Suicidal,9c558b7383f64e655c34accd56d4d8be3569461ccee7a8e05088c98ebcd253ad
raw_18860,18860,Suicidal,471685dbbfb1d1658688ff55500bfbb50785b74f53258014a22dfc57adcc9433
raw_18881,18881,Suicidal,cff60a52e39b4f4d293ce45980702c5bc4834162f0a56aef26c8c3b8f033dccd
raw_18975,18975,Suicidal,1b3845b210d1ba3299a9490e9774dbc2f2060c8e285edb9ba56b16fa9ad6b633
raw_18999,18999,Suicidal,8ac97d41d80aa60730c76d39b78bb3857539459d11c1fd6aca2e54a4ab6e4546
raw_19028,19028,Suicidal,54d59af2b165255656339d7786bb5d4f4852b725084483fc59a7d947fc8750d9
raw_19031,19031,Suicidal,ebebd39e926f7e1dd35c7a143279691933c412125d31c0484b77a8040110b557
raw_19075,19075,Suicidal,1c2a01c36e325d779a3dcf63959f14951d8b419b3d4320fefb01445f243bbbb4
raw_19124,19124,Suicidal,81d12126c2a9bfe9d9dd27ae2ec25b8201eafea83d5ede102294c830c30c98d5
raw_19229,19229,Suicidal,61497c1efdaa5dddcb8cb1bac013c9b1f1c10651df08f25cc2e17d1e8bd2e0fd
raw_19233,19233,Suicidal,7d88778e4519be292e893055a07f8c2972fe1ae20770685193120bc851ad1473
raw_19249,19249,Suicidal,afbd0d5f55b2361d4f801221d0459f58648cedf4958d8cff1599f1d1953096b5
raw_19291,19291,Suicidal,ef5f05cf39990b146823f6f6e2b75da9c96381283e3638d3bed7de10bc7a9d26
raw_19318,19318,Suicidal,c1744b4053d31e975eb18c7d4f78569a04f322e1e2c9728b028345586599d526
raw_19328,19328,Suicidal,ad699b9b66fd518a4009bfcb46bf0c550f0cf5ff6fe0e65373d86184b4da424e
raw_19373,19373,Suicidal,16bd0ae9b8bd8aff21cbc3ba34857ae0d298905903d89be458b099779640564a
raw_19396,19396,Suicidal,506f646210dd4aa3144de5a8c58d739d3b0ac449f8359e144a1cc8860f60df52
raw_19435,19435,Suicidal,d14ae3db75aa1f7b911071498b170637110a1773501f09388fdca4f7799e3433
raw_19454,19454,Suicidal,0fc3d876e894ab9ff366a731d6140bdab0f01e57ff8d4c6cb7e702bfd6087f76
raw_19476,19476,Suicidal,33b0a07bbdcdd6bd1f19db24cb29831a0552784b39854bf1b0dcf807b0bf237a
raw_19914,19914,Suicidal,05db4478e1b1d2966a8abaf164f7e4d71e0f15dff55bee12e21aa735f4a4bab3
raw_19929,19929,Suicidal,74f0c493b7a116d6cc11c6da3f6989808f108df5c8d5a11722e7b565b5bb1989
raw_19939,19939,Suicidal,f7c71c87366e5436fd131eba175f21e11e38a5a331871e8f052b51ebec3a13fd
raw_19963,19963,Suicidal,e13352b0b7e50004d04128145aa9be10c1d560a12ab7c5222d99b18d5ef8fe2e
raw_20057,20057,Suicidal,ea2a3d593a9e6098d53194de9ec98c78f697ddd9e983538cc53fc32c6b0ebe7f
raw_20151,20151,Suicidal,f03a9ee075bb0070069d91a7f6c8ff75cd941003e315febaf8a8b0ccb773e00a
raw_20164,20164,Suicidal,1eb658e5abdea6a6fd80c16f32ec75722bcf154b5d8ae5bf557a6a171680b859
raw_20300,20300,Suicidal,4ceb2708bcc844bd23f42a23641a5ab844ced43e7a1065b09e439d26a1bcbedf
raw_20314,20314,Suicidal,2a93236b0e4794846d0f13b73022598870a1ded341e8e402da31330a43871592
raw_20315,20315,Suicidal,0d53d7654eeb3787773f0a3aae426a025c1f781b9290ab08e9559a70430f3442
raw_20431,20431,Suicidal,0dee860136322ca30db386246150989b3c74580865d62c6f47cbc4f755abada7
raw_20569,20569,Suicidal,1e4f68e46dbd7da28cabfcb255bdce5b8010331cf76021ef07d48de925da99c5
raw_20625,20625,Suicidal,3fe1a43dd8d9a74d2a35ab91b15d26eda07e2180d7c93e2c03ea319493ac58c5
raw_20685,20685,Suicidal,f11556236be373acc7555593f80d9a5811ec068e7c8bd6dfe518dd5c4f2ab9df
raw_20719,20719,Suicidal,455f8fb0569ad36f8ee2500db72f923dcd523e9e56522c30cd50256f97a92108
raw_20786,20786,Suicidal,c361d4cf25fd50e648a0e5a5452ef52e7c4a661680204ac715a01dc52a217fe1
raw_20816,20816,Suicidal,d5cf4b04f00be32c6d9599e2e073ffeebd0fd906c976ecb62c2353aaebeb8aca
raw_20818,20818,Suicidal,83f531136b0c053bb9e6797c63ca84c3e58bc96fba056f7d0fbf63a616131b18
raw_20889,20889,Suicidal,a8c6be7cd9101381414938dd1845e08b7586cac7e5288f9060d70f2a357c742c
raw_20919,20919,Suicidal,e659583ff4ac9a2c88410ac010a7289753b2a0fe562d132292b996acd9fb6fd4
raw_20985,20985,Suicidal,35238283e0dd37106dcae9876dcc1edfc821045d5268f2ff5988d1b0ffd45a6b
raw_21026,21026,Suicidal,65ece7f73ec757614a914a73169bd77a96b2a587e27c4140bc0a9eb8996e5576
raw_21065,21065,Suicidal,21d3a6d67a373e1090925c23712a1b6d0ee64417f62d366337b82411849cfa53
raw_21072,21072,Suicidal,b1ec0678e359dcb9ecd689baf12295cedadae79acb8edba9ef464ecc2c19baab
raw_21097,21097,Suicidal,b806ff8fc80751f5b7bceb5ecb62580f5f6939cc81700c1d3c685c9f7572188d
raw_21143,21143,Suicidal,db166a0cc23d723c602922ca99a4351d891082461f9cdbc9a50341e479100988
raw_21163,21163,Suicidal,df567edcf5ce2167e6c814636214711b554471f00d104d348447a59938b5247a
raw_21170,21170,Suicidal,66b77e9a967cf3d5418aa07b3c3acf42dd2fa2743f3b4e0065b318fc25ebe5d2
raw_21184,21184,Suicidal,8c939ddcf6229e53237c7a00b65324161aa7081527971ec67af977ee66f3d8f6
raw_21203,21203,Suicidal,9aca87726f09922dcf60f20c4b2936df7b83c5b3f9899534e18f4af81086eed4
raw_21211,21211,Suicidal,8d9d80e22e37d219c21d81809ec37fa82e0c4fc9b5e7776e0ac1a2610d0b6700
raw_21299,21299,Suicidal,4924a93e51276540d12aa83a27a9d06bc806ef7d633cac8dc33a3a9e3bdcf700
raw_21359,21359,Suicidal,5ce1cb97b572f1879724ea3c0988bb8d8cf005c6bef1bf921dc311553cb4ce27
raw_21365,21365,Suicidal,72254a950790551e11a15e608d2f9a7a6d0de82bbefee606bdb697fb8401622d
raw_21438,21438,Suicidal,4c4e9dc1a44016d73a6087ec9b5c67cd0c9e76e9ecf8f1dbc40d76191d4527b7
raw_21472,21472,Suicidal,756742cab0c4bcb344c367619398d82a14151176076a5e03d6795f6bdd00ed15
raw_21574,21574,Suicidal,1aaa7cc70d73a5e4b4570ea2373aa982b48ff04b3b40f57286bd22d1a8b3362b
raw_21654,21654,Suicidal,c677f6a61adf4e8550084b4b6c4cc647e3a2158ad2cb9dd8cf4f7a9a1f3df62b
raw_21682,21682,Suicidal,d1908e2704a03e9885e8df9d23a5d60b4ccaf32e322ca972eb71c27484c02ac5
raw_21747,21747,Suicidal,d77859a8fa1e578279be1e3390d3d8a7aef4dc3d68a8d558d6842ba4ec36ad67
raw_21795,21795,Suicidal,ae6f91cdde31a4592d76d718b02c17c63aba83df85a3a02d3dd47715bd13c21c
raw_21851,21851,Suicidal,208af0218a36977c4bdd12b1cc0ce9de574d8f83511da834968e39818ce6d5ee
raw_21874,21874,Suicidal,62bb8aa2ea290ac4dd76bb04c9b352456b111608c01a8ec5b0029b9a5bcc57f6
raw_21890,21890,Suicidal,8f9fb1f39b48eaecf232b45199768922191e3a68e2a91e426bcc7df0920513da
raw_21941,21941,Suicidal,9eb008dafaaeb14093ffc7c937d32ad0ce777266a13dcab19f4973024bbac43d
raw_21986,21986,Suicidal,c05630fbd7f8c87316020efcbd94b14aaa5d4d90be6ab352c9140aba7f1ab20d
raw_22011,22011,Suicidal,0b303b1b8386761132d607a0e598a5c39778996a76198df1011790b63f42a780
raw_22063,22063,Suicidal,56c21abc3270a02f52794df1ddcf9313300da2524cfc56186335170cce828f78
raw_22117,22117,Suicidal,6196000a956ef794a10c7d0ad17741e8bc1e6f1cc8456d3257efd3695f30563b
raw_22130,22130,Suicidal,2c6a56620b1fa1d216994309398136170b95558729691ad3253772edde2519ff
raw_22136,22136,Suicidal,6f1ceac9e005e714e8ec0cc87fcf3d8c5b2bd8e30768dbaf72126e5273eeda4f
raw_22238,22238,Suicidal,21313727d797dceb534c932570a63bbc80d98f05313ac4f04825be1d1fa42772
raw_22254,22254,Suicidal,3186601324e67942954afcd2c31369a08308d432ea6b346a592f1c8b7cbc4e14
raw_22290,22290,Suicidal,e8b26a04011da95e29da5fb55409d02a2431ce66e6604e9f09dfb7da16dded1c
raw_22292,22292,Suicidal,65b5052e2ca64a8707d7a2ffdd15a962ac0b53934059998936ce8e8dd74431aa
raw_22294,22294,Suicidal,b3fbce6186c03eecc975825e04ff3081a08b2b1fd16710be64f72ee219e65bac
raw_22313,22313,Suicidal,f40e900ef3768a66d09137c6fecbace4ce73b1b65d97fd22f1b9e339fc547851
raw_22362,22362,Suicidal,bf2f2bad9a5772595c86517dc659c11bf33d01f6019f2c6a6d6d570100446b1b
raw_22376,22376,Suicidal,3a24c8623047f714db7ab3d246ed88fe75a7270182360cf813588d1f81def266
raw_22400,22400,Suicidal,d6ec06ee2f73918c8cdf5c58cb9e9c5ddb3f5925df986fc2c57651e0f086c07d
raw_22405,22405,Suicidal,4986a4ca6a8f43448b5051f81fce8f9f3d9e9b8e2db562d20048462caf80dd53
raw_22515,22515,Suicidal,486aac01796569e77b060a76f469f86584d614a367f4067b575b2557035aafd3
raw_22529,22529,Suicidal,9ed6b76ce0abb981089a42fcccf000a7675901c8ff56d8c0a8b44dcc18a1afbe
raw_22561,22561,Suicidal,0ff1828f5c17f6e575279cd51e052c77b96c63ad7b2508ed3953459a92a66735
raw_22583,22583,Suicidal,00495e398f4cf1a966f230d86837d2db3bae5a4125a9a878703b39327891d190
raw_22602,22602,Suicidal,8175a6cfe138b423a7dd2de3eb033089ebb4a8d84729e722f4e20d1bf41ab071
raw_22633,22633,Suicidal,f8f65aedf4319b233600cf928224b04e73748acd3fe955baf9a8449bce830716
raw_22668,22668,Suicidal,702405f32a0805709097090241083e10da07190890e39fbf12540279fb421123
raw_22812,22812,Suicidal,e72b8d839a024528993b440a7dd0d14e6f9302760183c797039c50836c46b36a
raw_22946,22946,Suicidal,f42877f32a42be90538ede3c57744126bf6401c82d8c1134de10d38db16ab15b
raw_22953,22953,Suicidal,dfc42139e41f418fdb8154f696ee75eb2f58bc663e9b5984864708d655b5414f
raw_23032,23032,Suicidal,b70f45a422053dadb3f21df8e9be5d94bea47ff0c9bc162b8c81fdf967c42ec5
raw_23043,23043,Suicidal,0ed930b90fb25c749a8e37a64c53f3d1060c12363469d6cb3994133b0a41659f
raw_23053,23053,Suicidal,00742ebdd2739a5f07e7d91d72ddd4b09a08d4577fd446dc9e0b3cc71b7b7c4f
raw_23089,23089,Suicidal,e69e3e059d5a109f30fdb0aeae02f4bd1584fd0993b2f51d742b3ebd44de3398
raw_23155,23155,Suicidal,3dd57286e08e84088b7f5ef0ffc36a6a5ec7557c0e34241e9e534aefce717d40
raw_23169,23169,Suicidal,2925ecb1a1ba88ce03a0aa4cbda3f003b78fc9a4d25036e12480e396ef89af0f
raw_23223,23223,Suicidal,185de05f51c4b4a1c372f3fae15ec4a9f94fd7ed2ffc1fb6daeb7f119743106f
raw_23253,23253,Suicidal,ca01d3e204b36ea51499c98f783ae879267b1572b058678c70f5b6bfd6035be5
raw_23378,23378,Suicidal,8349860dd224eae33d1446bced6e14db3626b39dbab4f8cf98000e23ec14b3f0
raw_23390,23390,Suicidal,c065e4ff8c829c87b3df739ba0e2652536c3bcc6baa276ba0bcf61905d8f007d
raw_23399,23399,Suicidal,50d0160c03850c467042573cf2448713637e348f2372d8b29a8aff4ee4d846a3
raw_23481,23481,Suicidal,04bd323b1669e6cd44267368146c6eabbe7cb575d4d569a3c1b7c5697a2f1227
raw_23514,23514,Suicidal,f3e4acd2c9ed1b67ad639348464a40d0479402b25e63269bd9c86bee7eb5ca52
raw_23515,23515,Suicidal,b5e9ff71a1422b64adec6a067c08b759ca11b35344abfbcf7af7f5179820a5b4
raw_23544,23544,Suicidal,b86b922f646d3acc42bc7124ddb68550bc5fe3454e4e5d876422ee2e5f29e5fd
raw_23561,23561,Suicidal,fdb4f7335c20af7ee8c62811a7ffe51f8217445519262caa046339f686b45b12
raw_23589,23589,Suicidal,be67c34ad5839f69d56ddddf0684206576179d7643d8ec27e1fdef43406e34aa
raw_23695,23695,Suicidal,41fe2281a6127dbebfe30898499ca8af0da8932847bde98400eb26f975c7a992
raw_23698,23698,Suicidal,ea686f0f2bcd2a78c5a53af1eb4e46e528fb23526a18d83fad118421f3982f8d
raw_23762,23762,Suicidal,fe30d1eb80e618a262855b01f86b9a2d7ef7b413cfa1d211262d9b5fd57b778c
raw_23773,23773,Suicidal,18dc2c1f3b76e569838d4c61df1dea9bf6db09802f6dc16b43078b63f46dd0b3
raw_23784,23784,Suicidal,83f2398a7ae73a00b4d49bc6aced59be17d902b3eab1c79243663dcdba614546
raw_23795,23795,Suicidal,73323aa40bdde9fd9c23ab054b247d6938e1437987a35e29cccb2f30b773bbd9
raw_23806,23806,Suicidal,193c36e74b1d0c92fe19491dbfc756f1f2002c8ebb1447f2b97c408cc55e9aa0
raw_23808,23808,Suicidal,67bf04a931ca938679c38c0df5bdb3055a094eb6fc15b0992cc33013851a1e7f
raw_23831,23831,Suicidal,9ce431e1190b260c5fbdec3389e223837fc50e4cb764ede76ce96d25fa276312
raw_23932,23932,Suicidal,5bca12712f16f0745ac410c733f972b9785d32c262fa5926d4891243550e15ff
raw_23947,23947,Suicidal,c11edd3301f3847738e9318fabfa355c0cb0cf7b186ff934db9c2f17ba6b755e
raw_24007,24007,Suicidal,2bffe3e8c1f97e6ebd2fba8049ea299b6658ae28242de6c21ffb26198c88450c
raw_24062,24062,Suicidal,fd525705b3596582101fde9c7d30c04244ec3ffe00fcca2b96c775188c2e4c60
raw_24064,24064,Suicidal,98fde8d73b3c6902c78a4a7e000f72d2f95f928b48545679052b0f7432314849
raw_24068,24068,Suicidal,b186590432c52455a3f9f6cd606951494c2fffbe2c65aba7a745a61307881dfa
raw_24136,24136,Suicidal,8e3347e4f0391526b660572ce9697cea3767b9e90c16056e0e7f86b82501e56c
raw_24160,24160,Suicidal,a7b2c04643fe3e91b2cf456ce5884b16619142e99b16b9298c17c710b3044e56
raw_24181,24181,Suicidal,74d334cc3df217383da602c08ae877f4496b54dd25733ec176578333f6267897
raw_24183,24183,Suicidal,a5be4dcab72ba6c72c9cabe1ae1596f42119945bc434e2099eeae6ca47a64f14
raw_24198,24198,Suicidal,1b035efd32dbc28937f36bb8fb78c25f73c60482b3e33f39324808487e7ff7c2
raw_24299,24299,Suicidal,5e08ca570ab0aaa62281cf711543478cc9127f824b7eb1353b66e2a1d5e0014f
raw_24320,24320,Suicidal,c01994f2a619d3e3eaa50b1f9cb0a9ee0c9b6b83176f1b5a0522e666e2b43a53
raw_24377,24377,Suicidal,c1c43de098af644826ed49832be227c8a473c8fe89ab9c39964af0fd07122d76
raw_24400,24400,Suicidal,aba6cbcb137c9d6b17db158000c7ad2a111160c4b7e4ae1aa69344a3fc07af31
raw_24425,24425,Suicidal,aee71a7d697973a1673e9cb333690b77f2ac0fdef83da2c9bae7aefabefac573
raw_24443,24443,Suicidal,59ecaf94a3b6cbb857b9b74d059ef2d65d9defa882c88d29cc53ecb2e3898cd0
raw_24456,24456,Suicidal,adca2268584d5ec179b957123df133b4e97b734dbaffe650b5c29fe4d8499c9d
raw_24552,24552,Suicidal,d3ec102465dfdf0ef35a11b8150d6db63882622b8468b156c07a217e6d877898
raw_24575,24575,Suicidal,a2baa786b8df4ac3b6d6df141a1655f61dfc96022950e20256dbba0cd1312c6f
raw_24706,24706,Suicidal,6a68e3b2b57a2ab3fd88abc6e0dc6e5f7603e99c94df28014997c6cd9298d567
raw_24794,24794,Suicidal,dbc4c9bdfcc4cb6eb391d2c466772b0dc94830a03655ba8e07a6372b85e39d1d
raw_24889,24889,Suicidal,4bdfe159158cfe759917bc792cd72090232b909439cc074da7da784e9b323a60
raw_24903,24903,Suicidal,a4ef0c88d40ea6717291638eff89ea9f3a83bf7d229bfb342774e580cf459ece
raw_24912,24912,Suicidal,60f433933f3f9277a6d869b94a6ec85f42bf75c3756785a3d8af3dc25e0c5b12
raw_24915,24915,Suicidal,50e47c1b0d8bbb6317d90aeca6b4fde0d73c56a8ee3c910a5ab95f2ba397054f
raw_24941,24941,Suicidal,812f48af66da464d0416598f01f76090769d89baff2a154e3d1915f766a65e2f
raw_24982,24982,Suicidal,1acf99950966ace85dda387047e8475eb2ac287f5bd23e5bbfa9385332d85474
raw_25090,25090,Suicidal,64cd15980f0b8b7999eec56933bb174999b1affa08f566927cc65cf3a746141c
raw_25153,25153,Suicidal,d1db9ece5d81ddcdbb4c9c652e1242417eac395468149aff03898f94a3be5cfc
raw_25164,25164,Suicidal,f40552aa11b6bb023e1b2ea6b52b02b716e5badbe05e3b206f68f3eb2b2df49b
raw_25228,25228,Suicidal,e176e06efca725b7e8cc173d59d1ccc56a7eed0c1d36e6bb262b523796821b5a
raw_25269,25269,Suicidal,20e3a314f74bbb74c33d3f09a590b1ac3c5f5e66f375ab2c4729eface55523d3
raw_25299,25299,Suicidal,c1eeec1c4a228d6e6c71539ff8fd3789cf055855c37f314114f0d2a90f4bcbd6
raw_25544,25544,Suicidal,153e7b48699eb517dacb35f08e0e92abba1e596ca41a8a009052cae381c10126
raw_25560,25560,Suicidal,194acae2064954439adc89a0c9ef015faad43a897a6aab536ecd6cbbd60ff99e
raw_25638,25638,Suicidal,c84586d5ae8099f9839870fd6908dd867f934e2c4d21df37f4389d5d3fa3f5c9
raw_25650,25650,Suicidal,97b46e609c5ca09497f114c84a0aec7a02a892b3b6c76f4748f49535db2cfa35
raw_25671,25671,Suicidal,17ab1193cc014e1a6a0c84635d774fa821827e941b2f76b61bd2862aa55f7f2a
raw_25706,25706,Suicidal,043f8933b9a02d4aa53c1efaa527aa4c8b95debc25bc09384fc820b413366427
raw_25728,25728,Suicidal,493b3c47ccf4685b1c5e5e30e614b12503dcd1079ac1170fa28700f46f492fab
raw_25898,25898,Suicidal,1f6f5d85c0a24a9979da47eaac9fc6ee09cb2f76e623097af00ec70c48fc4f98
raw_26022,26022,Suicidal,74b07dfee1f47f7d3d35566d7cce67dd036564ebb9d35268a866008696679fc9
raw_26161,26161,Suicidal,82932cce73972b3043a1d32dc67b61f77e9b5c7c3c99d03a470a522f1934bb6a
raw_26189,26189,Suicidal,8d778cda4daadbee2599c68458aefbc6402897660152af4fee7196e81c54a666
raw_26212,26212,Suicidal,1c0c73be272d253a458df7be5ae7481649a875c272c1a387fe817aed9d41ee06
raw_26213,26213,Suicidal,3df2a785a1b6b7d84aedf74f497d9b3b463295fc4a3571f9b501e294cdcee2e8
raw_26221,26221,Suicidal,bb823a252c14250aa9845599e1dc80712c0c2b2ef31c8cbac4bf56e85be9cebf
raw_26283,26283,Suicidal,c6f54810ce2f7a59b8efe92489c7d187231c0f086c13cab6c719b20a95bb02a8
raw_26311,26311,Suicidal,7f4ae077fde93f9d7a7bfc1266787bdd180b77b04cf11109d54bb06df95b18d7
raw_26318,26318,Suicidal,10acea7c27c8e29cf9487288ab3c4ff09646744fe429d24a79ef821954c62a0a
raw_26328,26328,Suicidal,60c29406f57fe5e4f3a489c62c65d64e0a203b56f2e800a4dbdb32b6c428ab88
raw_26336,26336,Suicidal,3d2c8bd46114540575bbbd94f4ca6847425321d4821d0c54d3680f7d19cc2312
raw_26341,26341,Suicidal,0ddf5bbe739db029748f6c33289aceca0d9a70aa9105a69d24fcff95a4de5967
raw_26359,26359,Suicidal,4e546ba6f563d475b36e2131a25d987b34eaf379c1af31ef6d1882676bf8b946
raw_26363,26363,Suicidal,c2fe7647a54beba32cd919d5e549f49e17c3d7e988e40cee47b6dd84b4e1bc69
raw_26486,26486,Suicidal,381ae74a30639d7f51351e848b283d1ea6fca01a5f046d130862bcbc777607bc
raw_26514,26514,Suicidal,0f385459ecdc4c0d8954e98236e735f50e315dc993545fb6258824e7e116cece
raw_26546,26546,Suicidal,026b423afedf9ee6dd3e03d61701ce411dae2e285d0e9970952d3f7020b436e1
raw_26560,26560,Suicidal,5efb9424add226fbec1a43a19ae68e94d326fd0f53e1a3a7882b791b2eaa13d0
raw_26592,26592,Suicidal,bd932342f8678e8c084d9128726af86d9339cf227d0987c83672e8ab819e2db4
raw_26603,26603,Suicidal,8520c47fc43636b55f0b53eaee42de00cf6987c158303657db7b6a7ec52b4b4d
raw_26697,26697,Suicidal,1b0a3de7029c05acb341091bc75d9dce2a99623fe5bc88e01cb0551b02877b52
raw_26734,26734,Suicidal,9bdb04aa6f4ec3f949d990a8706dc842d9b6e4769b663191428c46fa19814f50
raw_26750,26750,Suicidal,171da9467cf435be83a6c14b0c4ca96d7588633b7d60787b606377d1d24afcc8
raw_26791,26791,Suicidal,a666c54d4152cfd6adc0fd5e64068ea4c25f2406046824a8d49009902b9c4bea
raw_26830,26830,Suicidal,3f03f72d3b54e1703cb3dc7800bcc9d6dba9eb2b17dc7828c385de94e8bfd4be
raw_26873,26873,Suicidal,8090c431f1a6b1371331006e68ef4da90d33bfb43de554b3e795c8b159b39a85
raw_26932,26932,Suicidal,20fb303975f07bc6f854c10db992c770bb2581367cc19aad7a64850c6fe8512d
raw_26933,26933,Suicidal,05a88c4c4aa06a95ca0b14a21b847bb2613d6aa410cebf1c4876a0c1e85cf9f7
raw_26965,26965,Suicidal,4fd4cfce9a4e144019739ce232f710186a89814e020598232b96800d1b094335
raw_26989,26989,Suicidal,9443e07e3926871de9bd16836f0bbc5b5946df75e59c496902a813a721980c18
raw_27043,27043,Suicidal,73388de161364e8c25cd24652a2118c6330362b792900a5c6952eaf3c4e3dd60
raw_27123,27123,Suicidal,0c47cec32d7eae70bbfa7f6fafc78ca173080ec946ba6d4b20ec784a7f1d6e90
raw_27155,27155,Suicidal,b9e1fadc7e82ee473f725105aaec8aaa2f470c04c023c7c0fba0e5b0504236c8
raw_27157,27157,Suicidal,b7b4187ee7b9d379eebfad8d33382615d52d8d9b4ee6cae070c8e881a4d61843
raw_27176,27176,Suicidal,f20bc7a480f656921efdc0296c9731e98d5ade90c856078830ef290c2ea3558c
raw_27185,27185,Suicidal,a721ce75698449361587364ad0789d77c652745e9aa6592e801caaf512e6269e
raw_27209,27209,Suicidal,8596bcc2d21754aecf0d7cf27971f0e1c1059ab75de9c09b671ebe33d4f44aeb
raw_27267,27267,Suicidal,368fb4ca2b05b51c7338dbe2b6caf53e38b721756792e635dfd4617be91c9f7c
raw_35924,35924,Suicidal,3894e1d46ea47e4f1012070cc8e5047137bff33d667f2d9aaac8c602c4c0a2d7
raw_35983,35983,Suicidal,3f21f3c32437e5a19b7568ee3d3ded03b8679b0c858db72ad8ab904095a6d3da
raw_36019,36019,Suicidal,f66bc5bc2f4a30b3fed0fb2c0fb98640f94e48690f39da3290db541ac921adbf
raw_36149,36149,Suicidal,e1989df6fa8648492af48e937be05095ec873b5d9514e4d412a6d6df0d24b3ab
raw_36381,36381,Suicidal,411417694d3546d7399f54a7617f2a8bbc7a186ae5f09bb150dabefb9f5c1fc3
raw_36383,36383,Suicidal,a8f07a43533a4e1de97bcdc60a74ef2f0a6a0dc200d38a53e1a11da8b7f0d55c
raw_36403,36403,Suicidal,25fcb98cd08c5fa4ec67d760c1c35604ca9c8133f08f9cb0cce55a8642ef00e5
raw_36425,36425,Suicidal,f16c59ffc85594a221fc8d296c1a5e634052d1fe1b06280cbb210162e23713ad
raw_36443,36443,Suicidal,ccd0b53046ce1a817e6f60d44bef1f8defeba6f89c6c870ee8538d5eea881016
raw_36534,36534,Suicidal,106c4bf37c0dbf49da4ab94eb3e30897c27a998094bbed493f3bbcad24e348a2
raw_36611,36611,Suicidal,ceae85faccea09fb1831d2409684104abaed6258042800820e7a737578fa7263
raw_36700,36700,Suicidal,8ef1779ad2da04518d30ed8f59fdb2b26386a924d67ca0c3cbc5d28cb0655f2b
raw_36819,36819,Suicidal,0e7ba54721a6eb497069626066b63121e22f892e8fc249764e68b03b9afff9e9
raw_36833,36833,Suicidal,5c092efae1892b7e6e38021e19f78bd59104542cb71f129d95eeb30c5fdd0cdc
raw_36977,36977,Suicidal,1a5c3fc92af9afcbf499212f09b4172bcd393f85d64cb5fd569e57550095a7d7
raw_37025,37025,Suicidal,42c8dd680e98029f26894c6d855d615b98533ae9cb72566867628457bb29eb0c
raw_37034,37034,Suicidal,c5079673ea840c16d6f0473a90564da4b8729161df31153f2c5c02f5ea87dba0
raw_37044,37044,Suicidal,7a0eb70f0d7b59d98b6d9ea8d63ab14f58d1739a93b876b94f2083299e2e8f7e
raw_37122,37122,Suicidal,a0e17020054bc60916a5c8405165b764d7ad8967d599d17a30889ddc32d8e36c
raw_37206,37206,Suicidal,c93cfa35abfac4348dcd385cae35cbe322e3e67afc9a30e921be2e33fb6ece28
raw_37226,37226,Suicidal,344f6fc1e9573fdc7664333ef19af02da33d37b1859836b5f451d29ca1c53304
raw_37305,37305,Suicidal,192f64b5d4c8a08bb87b09d664ce6959ca527399db827a1d5697d508c2a93bef
raw_37336,37336,Suicidal,7abd31516188278e3e8d504b2ea8d0ba72cfc25fb2723c391760226e0299b7f8
raw_37491,37491,Suicidal,5b77f51c32a07f57617310bbe0afdd8cda3b642cb814d00fdc7d7365ec5c10b1
raw_37550,37550,Suicidal,5310bf1e7416e2661d6edb8542779144f0151d36bf3b5fca71710747f8ee392e
